Country,Avg_Inflation,Std_Inflation,Min_Inflation,Max_Inflation,First_Year,Last_Year
Afghanistan,5.88,7.26,-6.81,26.42,2005,2023
Africa Eastern and Southern,8.73,3.38,4.1,17.68,1990,2023
Africa Western and Central,4.13,5.43,-0.06,31.84,1990,2023
Albania,13.31,34.32,0.05,180.14,1992,2023
Algeria,8.6,8.9,0.34,31.67,1990,2023
Angola,71.33,71.39,7.28,180.14,1991,2023
Antigua and Barbuda,2.12,1.81,-0.55,7.53,1999,2023
Arab World,4.2,2.56,1.34,11.27,1990,2023
Argentina,64.03,36.38,34.28,133.49,2018,2023
Armenia,16.23,44.2,-1.4,180.14,1994,2023
Aruba,2.92,2.54,-2.37,8.96,1990,2019
Australia,2.76,1.61,0.22,7.33,1990,2023
Austria,2.44,1.7,0.51,8.55,1990,2023
Azerbaijan,21.9,52.15,-10.63,180.14,1992,2023
"Bahamas, The",2.33,1.61,-0.35,7.11,1990,2023
Bahrain,1.29,1.62,-2.32,3.63,1990,2023
Bangladesh,6.25,2.25,2.01,11.4,1990,2023
Barbados,3.3,2.72,-1.27,9.43,1990,2023
Belarus,48.91,60.94,4.87,180.14,1993,2023
Belgium,2.28,1.64,-0.05,9.6,1990,2023
Belize,1.91,2.59,-7.11,6.39,1990,2023
Benin,3.93,7.11,-0.79,38.53,1993,2023
Bhutan,6.71,3.21,2.46,15.98,1990,2023
Bolivia,6.0,4.89,0.74,21.45,1990,2023
Bosnia and Herzegovina,2.37,3.93,-1.58,14.02,2006,2023
Botswana,7.93,3.46,1.89,16.17,1990,2023
Brazil,33.82,62.56,3.2,180.14,1990,2023
Brunei Darussalam,1.0,1.58,-2.31,5.97,1990,2023
Bulgaria,28.32,49.54,-1.42,180.14,1990,2023
Burkina Faso,3.05,5.27,-3.23,25.18,1990,2023
Burundi,11.1,8.47,-2.81,31.11,1990,2023
Cabo Verde,3.25,3.29,-2.48,10.65,1990,2023
Cambodia,4.32,5.08,-1.24,24.1,1995,2023
Cameroon,3.49,6.05,-3.21,35.09,1990,2023
Canada,2.22,1.38,0.17,6.8,1990,2023
Caribbean small states,2.59,1.72,-0.85,7.21,1990,2023
Cayman Islands,0.46,1.52,-2.35,2.16,2010,2016
Central African Republic,3.92,5.81,-2.92,24.57,1990,2023
Central Europe and the Baltics,16.33,33.77,-0.46,150.62,1991,2023
Chad,3.87,8.83,-8.97,41.72,1990,2023
Chile,6.11,5.75,0.35,26.04,1990,2023
China,3.76,5.27,-1.4,24.26,1990,2023
Colombia,10.28,8.62,2.02,30.39,1990,2023
Comoros,3.34,3.43,-4.29,12.53,2001,2023
"Congo, Dem. Rep.",76.65,82.3,0.74,180.14,1990,2016
"Congo, Rep.",4.03,7.58,-3.94,42.44,1990,2023
Costa Rica,9.42,6.99,-0.02,28.71,1990,2023
Cote d'Ivoire,3.54,4.77,-0.81,26.08,1990,2023
Croatia,25.19,55.78,-1.13,180.14,1990,2023
Curacao,2.18,1.62,-0.48,6.88,2001,2019
Cyprus,2.5,2.27,-2.1,8.4,1990,2023
Czechia,4.96,4.86,0.12,20.81,1992,2023
Denmark,1.99,1.3,0.25,7.7,1990,2023
Djibouti,2.82,2.53,-0.52,11.96,2001,2023
Dominica,1.86,1.72,-0.84,6.36,1990,2023
Dominican Republic,10.12,13.31,0.84,51.46,1990,2023
Early-demographic dividend,6.13,2.96,2.76,15.05,1990,2023
East Asia & Pacific,3.61,1.95,0.8,8.34,1990,2023
East Asia & Pacific (IDA & IBRD countries),4.64,2.23,1.09,10.34,1990,2023
East Asia & Pacific (excluding high income),4.72,2.18,1.22,10.23,1990,2023
Ecuador,17.64,22.77,-0.34,96.1,1990,2023
"Egypt, Arab Rep.",10.69,7.1,2.27,33.88,1990,2023
El Salvador,4.94,5.58,-0.73,24.0,1990,2023
Equatorial Guinea,4.86,6.28,-4.28,31.84,1990,2023
Estonia,10.02,17.89,-0.49,89.81,1993,2023
Eswatini,7.73,3.1,2.6,13.77,1990,2019
Ethiopia,12.5,12.29,-8.48,44.36,1990,2023
Euro area,2.76,1.85,-0.1,8.55,1990,2023
Europe & Central Asia,4.22,3.47,0.37,14.41,1992,2023
Europe & Central Asia (IDA & IBRD countries),16.45,34.77,1.2,180.14,1994,2023
Europe & Central Asia (excluding high income),19.35,41.96,2.13,180.14,1994,2023
European Union,2.97,2.01,-0.06,8.83,1990,2023
Fiji,3.43,2.19,-1.7,8.19,1990,2023
Finland,1.99,1.82,-0.21,7.12,1990,2023
France,1.75,1.16,0.04,5.22,1990,2023
Gabon,2.63,7.1,-11.69,36.12,1990,2023
"Gambia, The",6.59,4.05,0.84,17.03,1990,2023
Georgia,12.32,29.87,-0.94,162.72,1995,2023
Germany,2.08,1.56,0.14,6.87,1990,2023
Ghana,20.3,13.17,4.87,59.46,1990,2023
Greece,4.78,5.67,-1.74,20.43,1990,2023
Grenada,2.06,1.76,-0.98,8.03,1990,2023
Guatemala,8.2,7.89,1.86,41.22,1990,2023
Guinea,14.28,8.18,4.68,34.7,2005,2023
Guinea-Bissau,12.96,20.34,-3.5,69.58,1990,2023
Guyana,4.5,3.19,-0.87,12.21,1995,2023
Haiti,15.41,10.27,0.39,39.33,1990,2023
Heavily indebted poor countries (HIPC),6.83,5.15,2.84,32.29,1990,2023
High income,2.77,1.56,0.33,7.53,1990,2023
Honduras,10.29,7.85,2.72,33.97,1990,2023
"Hong Kong SAR, China",3.11,3.97,-4.01,11.16,1990,2023
Hungary,10.26,9.39,-0.23,34.82,1990,2023
IBRD only,7.07,5.14,2.12,22.71,1990,2023
IDA & IBRD total,6.41,3.75,2.68,20.57,1990,2023
IDA blend,3.99,2.03,1.02,8.71,1990,2023
IDA only,6.84,3.69,3.02,21.73,1990,2023
IDA total,6.01,2.73,2.74,15.18,1990,2023
Iceland,4.72,3.38,1.55,15.51,1990,2023
India,7.14,3.06,3.33,13.87,1990,2023
Indonesia,8.5,9.6,1.56,58.45,1990,2023
"Iran, Islamic Rep.",22.14,11.8,7.25,49.66,1990,2023
Iraq,32.6,58.65,-16.12,180.14,1991,2023
Ireland,2.25,2.33,-4.45,7.83,1990,2023
Israel,4.49,5.22,-0.62,19.11,1990,2023
Italy,2.69,2.03,-0.14,8.2,1990,2023
Jamaica,14.08,15.02,2.35,77.3,1990,2023
Japan,0.58,1.24,-1.35,3.27,1990,2023
Jordan,3.64,3.58,-0.88,16.19,1990,2023
Kazakhstan,21.29,43.13,5.2,180.14,1994,2023
Kenya,11.21,9.12,1.55,45.98,1990,2023
Kiribati,2.53,4.7,-3.9,13.67,2007,2023
"Korea, Rep.",3.45,2.24,0.38,9.33,1990,2023
Kosovo,2.33,3.6,-2.41,11.58,2003,2023
Kuwait,3.15,2.57,-0.55,10.58,1990,2023
Kyrgyz Republic,10.23,9.33,0.39,37.03,1996,2023
Lao PDR,16.01,25.38,0.14,125.27,1990,2023
Late-demographic dividend,4.78,2.64,1.11,11.44,1990,2023
Latin America & Caribbean,5.82,4.76,1.49,21.62,1990,2023
Latin America & Caribbean (excluding high income),6.96,5.19,2.5,24.23,1990,2023
Latin America & the Caribbean (IDA & IBRD countries),6.31,4.86,1.77,22.22,1990,2023
Latvia,15.19,36.02,-1.08,180.14,1992,2023
Least developed countries: UN classification,7.29,4.32,3.32,25.18,1990,2023
Lebanon,41.55,69.29,-3.75,180.14,2009,2023
Lesotho,6.73,8.21,-16.86,33.81,1990,2023
Liberia,11.31,5.46,6.83,26.97,2002,2023
Libya,5.24,7.64,-9.8,25.85,1990,2023
Lithuania,18.59,44.76,-1.13,180.14,1992,2023
Low & middle income,6.48,3.7,2.76,21.15,1990,2023
Low income,7.35,4.18,3.11,24.87,1990,2023
Lower middle income,6.61,2.79,3.58,13.77,1990,2023
Luxembourg,2.21,1.22,0.29,6.34,1990,2023
"Macao SAR, China",3.31,3.51,-3.2,9.57,1990,2023
Madagascar,11.18,9.39,-1.7,49.08,1990,2023
Malawi,20.14,14.8,7.41,83.33,1990,2023
Malaysia,2.56,1.4,-1.14,5.44,1990,2023
Maldives,4.43,5.43,-1.69,20.13,1990,2023
Mali,2.75,5.31,-6.24,23.18,1990,2023
Malta,2.42,1.34,0.31,6.15,1990,2023
Mauritania,5.4,2.63,1.47,12.13,1990,2023
Mauritius,5.58,2.97,0.41,13.49,1990,2023
Mexico,9.36,8.86,2.72,35.0,1990,2023
"Micronesia, Fed. Sts.",2.59,2.44,-1.04,8.42,2000,2022
"Middle East, North Africa, Afghanistan & Pakistan",4.23,2.72,1.34,12.1,1990,2023
"Middle East, North Africa, Afghanistan & Pakistan (IDA & IBRD)",6.03,3.4,2.53,13.97,1990,2023
"Middle East, North Africa, Afghanistan & Pakistan (excluding high income)",5.83,3.41,2.04,13.32,1990,2023
Middle income,6.11,3.03,2.66,13.51,1990,2023
Moldova,27.62,50.67,-0.06,180.14,1992,2023
Mongolia,18.72,34.41,0.04,180.14,1993,2023
Montenegro,3.31,3.58,-0.71,13.04,2006,2023
Morocco,2.64,2.21,0.3,7.99,1990,2023
Mozambique,7.87,4.85,2.56,17.42,2005,2023
Myanmar,18.07,14.77,-0.11,57.07,1990,2019
Namibia,5.39,1.9,2.21,9.45,2003,2023
Nauru,0.09,0.3,-0.12,0.3,2011,2012
Nepal,7.32,3.46,2.27,17.15,1990,2023
Netherlands,2.34,1.61,0.32,10.0,1990,2023
New Caledonia,1.13,0.85,0.18,2.43,2011,2016
New Zealand,2.42,1.61,-0.11,7.17,1990,2023
Nicaragua,6.96,3.56,3.52,19.83,2000,2023
Niger,2.8,6.98,-7.8,36.04,1990,2023
Nigeria,18.28,15.9,5.39,72.84,1990,2023
North America,2.45,1.39,-0.03,7.4,1990,2023
North Macedonia,7.21,22.93,-1.28,126.58,1994,2023
Norway,2.43,1.2,0.45,5.76,1990,2023
OECD members,2.92,1.81,0.34,8.24,1990,2023
Oman,2.09,2.77,-0.82,12.38,2001,2023
Other small states,3.95,2.07,0.64,9.06,1990,2023
Pacific island small states,3.43,2.49,0.39,11.01,2000,2023
Pakistan,9.48,5.71,2.53,30.77,1990,2023
Palau,3.57,4.0,-1.3,12.82,2002,2023
Panama,1.87,2.0,-1.55,8.76,1990,2023
Papua New Guinea,6.83,4.38,0.91,17.28,1990,2023
Paraguay,9.1,7.33,1.77,37.26,1990,2023
Peru,18.34,43.52,0.19,180.14,1990,2023
Philippines,5.5,3.56,0.67,19.26,1990,2023
Poland,15.88,33.28,-0.87,180.14,1990,2023
Portugal,3.32,3.29,-0.84,13.63,1990,2023
Post-demographic dividend,2.67,1.65,0.37,7.88,1990,2023
Pre-demographic dividend,6.84,5.6,2.57,34.65,1990,2023
Qatar,3.11,4.22,-4.86,15.05,1990,2023
Romania,37.31,57.84,-1.54,180.14,1991,2023
Russian Federation,30.78,52.14,2.88,180.14,1993,2023
Rwanda,7.58,5.77,-2.41,19.79,1990,2023
Samoa,4.24,4.82,-2.9,16.31,1990,2023
San Marino,2.07,1.61,-0.13,5.93,2004,2023
Sao Tome and Principe,14.96,10.38,5.25,50.49,1997,2023
Saudi Arabia,2.02,2.47,-1.33,9.87,1990,2023
Senegal,2.83,5.84,-2.25,32.29,1990,2023
Serbia,21.01,28.27,1.12,95.6,1995,2023
Seychelles,4.46,8.06,-2.4,36.96,1990,2023
Sierra Leone,13.23,10.55,4.64,47.64,2007,2023
Singapore,1.88,1.9,-0.53,6.64,1990,2023
Sint Maarten (Dutch part),2.27,2.07,-0.42,5.96,2006,2017
Slovak Republic,5.76,5.13,-0.52,23.29,1992,2023
Slovenia,19.21,45.36,-0.53,180.14,1990,2023
Small states,3.25,1.72,0.55,8.42,1990,2023
Solomon Islands,7.15,4.35,-0.57,17.32,1990,2023
South Africa,6.64,3.33,-0.69,15.33,1990,2023
South Asia,6.77,2.68,3.05,13.88,1990,2023
South Asia (IDA & IBRD),6.77,2.68,3.05,13.88,1990,2023
South Sudan,47.99,61.56,-6.69,180.14,2009,2023
Spain,2.91,2.06,-0.5,8.39,1990,2023
Sri Lanka,10.32,8.55,2.14,49.72,1990,2023
St. Kitts and Nevis,2.39,2.44,-2.3,8.91,1990,2023
St. Lucia,2.53,2.55,-3.08,9.65,1990,2023
St. Vincent and the Grenadines,2.47,2.56,-1.73,10.07,1990,2023
Sub-Saharan Africa,6.74,4.24,2.87,27.45,1990,2023
Sub-Saharan Africa (IDA & IBRD countries),6.74,4.24,2.87,27.45,1990,2023
Sub-Saharan Africa (excluding high income),6.9,4.47,3.11,28.81,1990,2023
Sudan,52.13,51.58,1.94,180.14,1990,2022
Suriname,38.29,48.29,-0.7,180.14,1990,2023
Sweden,2.31,2.8,-0.49,10.37,1990,2023
Switzerland,1.12,1.61,-1.14,5.86,1990,2023
Syrian Arab Republic,11.54,13.16,-3.85,47.71,1990,2019
Tajikistan,11.19,8.56,5.01,38.59,2001,2016
Tanzania,11.36,9.41,3.29,35.83,1990,2023
Thailand,2.87,2.36,-0.9,7.99,1990,2023
Timor-Leste,4.87,4.49,-1.34,13.5,2003,2023
Togo,3.98,7.14,-1.01,39.16,1990,2023
Tonga,5.2,3.78,-1.05,11.64,1990,2023
Trinidad and Tobago,5.46,2.99,0.6,12.03,1990,2023
Tunisia,4.6,1.86,1.98,9.33,1990,2023
Turkiye,36.96,31.95,6.25,105.21,1990,2023
Tuvalu,0.5,,0.5,0.5,2011,2011
Uganda,6.11,3.91,-0.29,16.56,1994,2023
Ukraine,31.37,51.79,-0.24,180.14,1993,2023
United Arab Emirates,2.09,3.29,-2.08,12.25,2008,2023
United Kingdom,2.78,1.96,0.37,8.06,1990,2023
United States,2.69,1.51,-0.36,8.0,1990,2023
Upper middle income,5.77,3.24,1.79,12.18,1990,2023
Uruguay,20.21,26.84,4.36,112.53,1990,2023
Uzbekistan,12.0,2.65,8.13,17.52,2011,2023
Vanuatu,3.1,2.08,0.8,11.18,1990,2023
"Venezuela, RB",63.39,57.69,21.07,180.14,2009,2016
Viet Nam,5.68,5.17,-1.71,23.12,1996,2023
West Bank and Gaza,3.1,2.44,-0.74,9.89,1997,2023
World,4.68,2.49,1.44,10.25,1990,2023
"Yemen, Rep.",17.5,14.31,2.18,55.08,1991,2014
Zambia,31.73,42.55,6.43,180.14,1990,2023
Zimbabwe,44.82,70.48,-2.43,180.14,2010,2022
